sue_decile,fwd_60d_return
1.0,4.122478573859384
2.0,2.083132663364566
3.0,1.1480162069561972
4.0,1.9574325254474436
5.0,3.680988015726341
6.0,2.501484240426551
7.0,0.1435636202404643
8.0,3.0729510319518862
9.0,0.8121825034280935
10.0,2.833935131326795
