sue_decile,fwd_60d_return
1.0,3.736479705393108
2.0,3.115747161260975
3.0,-0.12230350954565607
4.0,2.7029301775717807
5.0,4.293786569761669
6.0,2.0972951943606235
7.0,-0.2216979106028435
8.0,2.7193364941425533
9.0,2.225410889593506
10.0,2.6275314278280897
