sue_decile,fwd_60d_return
1.0,4.122479366982152
2.0,2.083133361492176
3.0,1.1480161258909023
4.0,1.9574325050139354
5.0,3.68098912785314
6.0,2.5014853898865077
7.0,0.14356357697594468
8.0,3.0729513293341424
9.0,0.8121812888374321
10.0,2.8339337580388153
