sue_decile,fwd_60d_return
1.0,4.1224793703364515
2.0,1.7796234731414688
3.0,1.1824152960036234
4.0,1.3457599218533092
5.0,5.320617755476633
6.0,1.1148393270271726
7.0,1.4957788066132454
8.0,2.8203561938415636
9.0,-0.01433398250273365
10.0,2.6927265861757905
